galaxy,profile,chi2,chi2_red,n_dof,AIC,BIC,success,r_core
NGC3893,sidm,1.3709426436610221,0.22849044061017035,6,9.370942643661023,10.581283015637204,True,1.5173059088837295
NGC4214,sidm,9.459550092581987,0.9459550092581986,10,17.459550092581985,20.01577941104302,True,1.871042547498783
NGC0300,sidm,9.301067718725198,0.4429079866059618,21,17.3010677187252,22.176571018198,True,1.9051462416781513
NGC3769,sidm,4.955469637196954,0.6194337046496192,8,12.955469637196954,14.895096236348955,True,1.7548263214395388
UGC06983,sidm,2.6413051766605617,0.20317732128158167,13,10.641305176660563,13.974158552885427,True,1.7958022953373316
UGC05764,sidm,66.83804846353239,11.139674743922065,6,74.83804846353239,76.04838883550858,True,1.1870570633246287
UGC11557,sidm,3.8831840782985587,0.5547405826140798,7,11.883184078298559,13.474765169492041,True,1.9219302109296204
UGC12632,sidm,1.6809708712962381,0.15281553375420345,11,9.680970871296239,12.513171675705077,True,1.8866419232160745
NGC1705,sidm,12.01522609834898,1.2015226098348981,10,20.015226098348982,22.571455416810014,True,1.4660935528396737
NGC6015,sidm,248.5979820260774,6.214949550651935,40,256.5979820260774,263.73474056175047,True,1.48674541415597
NGC3972,sidm,4.199579815613512,0.6999299692689186,6,12.199579815613511,13.409920187589695,True,1.7114465983280458
NGC0247,sidm,66.92036598100086,3.041834817318221,22,74.92036598100086,79.95275213308679,True,1.9144842766652492
UGC07323,sidm,3.662294281626254,0.6103823802710423,6,11.662294281626254,12.872634653602436,True,1.9683038344893455
UGC03580,sidm,118.78658557082834,2.76247873420531,43,126.78658557082834,134.18717597766857,True,1.7852742107138755
UGC06930,sidm,0.8957131683006281,0.14928552805010467,6,8.895713168300627,10.10605354027681,True,1.8616190681103972
UGC12732,sidm,15.267042815501256,1.272253567958438,12,23.267042815501256,26.357397704460382,True,1.924360451482836
F568-3,sidm,25.90808034408118,1.85057716743437,14,33.908080344081185,37.46956737566584,True,1.9103081386203937
UGC09133,sidm,221.0557801184064,3.4539965643501,64,229.0557801184064,237.93381093911083,True,1.702765166573259
UGC04278,sidm,8.314870318960608,0.4157435159480304,20,16.314870318960608,21.02708564035239,True,1.8633850049643192
UGC06917,sidm,1.6055106237167978,0.22935866053097112,7,9.605510623716798,11.19709171491028,True,1.8623491839013773
UGC09037,sidm,7.710866210675505,0.42838145614863915,18,15.710866210675505,20.07503602410877,True,1.695723527220593
NGC2403,sidm,199.63439936598735,2.8932521647244545,69,207.63439936598735,216.79623713058092,True,1.8056203844974312
F583-1,sidm,5.733074805031036,0.273003562144335,21,13.733074805031036,18.608578104503838,True,2.6901930979672874
F563-V2,sidm,1.9149520848133688,0.31915868080222815,6,9.914952084813368,11.12529245678955,True,1.7051025130837525
NGC4559,sidm,7.826254971532622,0.2795091061261651,28,15.826254971532622,21.689198582731528,True,1.789641616676377
F579-V1,sidm,7.638946077270908,0.7638946077270907,10,15.638946077270909,18.19517539573194,True,1.552017630341057
DDO064,sidm,4.058986631668851,0.40589866316688517,10,12.058986631668851,14.615215950129885,True,1.2527197855055565
UGC07399,sidm,34.0217691380146,5.670294856335766,6,42.0217691380146,43.23210950999078,True,1.6145843097873542
NGC0801,sidm,54.764901796807955,6.0849890885342175,9,62.764901796807955,65.0246992266541,True,1.9455295504104806
DDO161,sidm,5.426739944405834,0.2009903683113272,27,13.426739944405835,19.16268876234642,True,1.8575195828711235
UGC11455,sidm,68.73135203881678,2.1478547512130244,32,76.73135203881678,83.06542779264122,True,1.4206864570102344
UGC06786,sidm,18.12006559978996,0.4419528195070722,41,26.12006559978996,33.34671555887124,True,1.2651371173639379
UGC07524,sidm,10.680114839543796,0.39555980887199244,27,18.680114839543798,24.41606365748438,True,1.9258809086867337
NGC4217,sidm,46.24568151471685,3.0830454343144567,15,54.24568151471685,58.02343743138261,True,1.7593107415429716
UGC01281,sidm,1.448259730720829,0.07241298653604145,20,9.448259730720828,14.16047505211261,True,2.102786419440985
NGC5371,sidm,131.2022557497156,8.74681704998104,15,139.2022557497156,142.98001166638136,True,1.3208382191199415
IC2574,sidm,25.54635556244849,0.8515451854149496,30,33.54635556244849,39.65179766091313,True,1.895693181510138
UGC00128,sidm,29.833479291664073,1.6574155162035595,18,37.83347929166408,42.197649105097334,True,1.8473209558082382
DDO168,sidm,12.94954381209631,2.1582573020160516,6,20.94954381209631,22.159884184072492,True,1.9586371522425936
F574-1,sidm,4.895979420459246,0.48959794204592455,10,12.895979420459245,15.45220873892028,True,1.8439979085001825
UGC04305,sidm,12.296059625426205,0.7232976250250709,17,20.296059625426203,24.474149376319897,True,0.799206074530698
NGC2976,sidm,6.7233623611372515,0.29232010265814135,23,14.723362361137251,19.906709825154568,True,1.752330436725344
ESO563-G021,sidm,265.99484362497424,10.230570908652854,26,273.99484362497424,279.59963315162287,True,1.392349144503159
NGC0891,sidm,43.34182543523203,3.095844673945145,14,51.34182543523203,54.903312466816686,True,1.2639125758000316
NGC3917,sidm,12.945454937421857,0.9958042259555275,13,20.945454937421857,24.278308313646722,True,1.7328478068426962
ESO079-G014,sidm,13.245284822802697,1.2041168020729724,11,21.245284822802695,24.077485627211537,True,1.6771954151234334
UGC05005,sidm,0.4135679387863221,0.05908113411233173,7,8.413567938786322,10.005149029979805,True,1.9780485813952084
F568-V1,sidm,1.2333240498108726,0.12333240498108726,10,9.233324049810873,11.789553368271907,True,1.687216797662697
NGC3877,sidm,8.583611300038118,0.9537345888931242,9,16.58361130003812,18.843408729884267,True,1.4160152877682208
D631-7,sidm,4.764397387964385,0.39703311566369875,12,12.764397387964385,15.85475227692351,True,3.0551368647590635
NGC2683,sidm,6.661931001569829,0.9517044287956898,7,14.66193100156983,16.253512092763312,True,1.373570594299441
NGC2366,sidm,3.60676501787153,0.1639438644487059,22,11.60676501787153,16.639151169957458,True,1.7854890848174885
IC4202,sidm,381.3913465621669,13.62111952007739,28,389.3913465621669,395.2542901733658,True,1.311252763490635
UGC11914,sidm,25.18354457483401,0.4128449930300657,61,33.18354457483401,41.88109365441656,True,80.56447820833667
UGC03205,sidm,170.11490880427334,3.8662479273698485,44,178.11490880427334,185.5997128479049,True,1.9418462302632113
F563-1,sidm,4.418688625706052,0.3398991250543117,13,12.418688625706052,15.751542001930916,True,1.7782217995574108
NGC2903,sidm,46.352134928649626,1.5450711642883208,30,54.352134928649626,60.45757702711427,True,1.1575021690191847
UGC01230,sidm,3.5764561463175557,0.5109223066167937,7,11.576456146317556,13.168037237511038,True,1.8342363371621
NGC0289,sidm,47.812568036380505,1.9921903348491876,24,55.812568036380505,61.14138607708132,True,1.8320120330704566
NGC7814,sidm,5.05363688144509,0.3609740629603636,14,13.05363688144509,16.61512391302975,True,1.5825023382297627
DDO154,sidm,3.6251463368595855,0.4531432921074482,8,11.625146336859586,13.564772936011586,True,1.7446588828870817
UGC06446,sidm,9.482905552838535,0.7294542732952719,13,17.482905552838535,20.8157589290634,True,1.8420388568688773
UGC05750,sidm,0.5605545892930762,0.09342576488217937,6,8.560554589293076,9.770894961269258,True,1.9074016908389995
NGC6946,sidm,75.18828500865173,1.3923756483083654,54,83.18828500865173,91.4300570508374,True,1.7869724246452445
UGC08699,sidm,25.95690250304185,0.7015379054876175,37,33.956902503041846,40.81119076985908,True,1.8731349208740076
UGC05986,sidm,18.828311691347565,1.711664699213415,11,26.828311691347565,29.660512495756407,True,1.738251360541051
NGC2998,sidm,34.67644849350122,3.8529387215001356,9,42.67644849350122,44.936245923347364,True,1.9409362514529689
NGC5033,sidm,51.64476295564713,2.869153497535952,18,59.64476295564713,64.00893276908039,True,1.255752154356757
UGC05721,sidm,12.8492699351803,0.6762773650094895,19,20.849269935180303,25.3912467988969,True,1.4816136312865396
NGC3521,sidm,4.554028963072908,0.12308186386683535,37,12.55402896307291,19.408317229890137,True,1.798707585228479
UGC08550,sidm,18.282886816454003,2.611840973779143,7,26.282886816454003,27.874467907647485,True,1.743698210292757
UGC11820,sidm,12.974563000519696,2.162427166753283,6,20.974563000519694,22.184903372495878,True,1.9530156258010907
NGC5055,sidm,27.14884856198699,1.1312020234161246,24,35.148848561986995,40.477666602687805,True,1.6986513719979317
UGC03546,sidm,11.187753253495224,0.4302982020575086,26,19.187753253495224,24.792542780143847,True,1.5871310265519762
NGC4183,sidm,5.784800373407318,0.3044631775477536,19,13.784800373407318,18.326777237123917,True,1.850792530153955
UGC07089,sidm,0.9922594912599815,0.12403243640749768,8,8.992259491259981,10.931886090411982,True,1.9457273177662238
UGC07151,sidm,5.540168721763245,0.7914526745376065,7,13.540168721763244,15.131749812956727,True,1.7700780576775095
UGCA444,sidm,11.637579863046446,0.3636743707202014,32,19.637579863046447,25.971655616870883,True,1.0774280823392053
NGC4157,sidm,3.3744499812891227,0.25957307548377867,13,11.374449981289123,14.707303357513988,True,1.9710957438924277
NGC2841,sidm,63.88899155119418,1.3888911206781345,46,71.88899155119418,79.53708357290677,True,1.6906796666191217
UGC06787,sidm,595.7774209673457,8.892200312945459,67,603.7774209673457,612.828140475511,True,1.6805948130246742
UGC02885,sidm,10.105027773725224,0.6736685182483483,15,18.105027773725226,21.882783690390987,True,1.6635399729389657
NGC2915,sidm,10.314271842707178,0.3967027631810453,26,18.31427184270718,23.919061369355802,True,1.8674801788804891
NGC3726,sidm,15.522373495082512,1.940296686885314,8,23.522373495082512,25.46200009423451,True,2.0010606061919973
UGC07603,sidm,3.2545364502460092,0.40681705628075115,8,11.25453645024601,13.19416304939801,True,1.5699159200940993
UGC05253,sidm,135.68630132815431,1.9664681351906423,69,143.68630132815431,152.84813909274789,True,1.385327964905639
UGC12506,sidm,15.305555872467284,0.5668724397210105,27,23.305555872467284,29.04150469040787,True,1.2833571357809939
NGC6503,sidm,30.581436137141452,1.1326457828570908,27,38.58143613714145,44.317384955082034,True,1.6932487770990798
NGC6195,sidm,35.70042296368445,1.8789696296676028,19,43.70042296368445,48.24239982740105,True,1.9104185762647423
NGC4010,sidm,16.012516474361785,2.001564559295223,8,24.012516474361785,25.95214307351379,True,1.9079533274936713
UGC07125,sidm,3.9179341394223557,0.43532601549137284,9,11.917934139422355,14.177731569268502,True,1.5899082306184922
UGC02916,sidm,271.6896337744452,6.966400866011416,39,279.6896337744452,286.7344342372195,True,1.754242959025043
NGC0024,sidm,22.902168137277428,0.9160867254910972,25,30.902168137277428,36.37135145722333,True,1.6853660088811864
NGC7331,sidm,21.13790674639788,0.6605595858249338,32,29.13790674639788,35.471982500222325,True,1.7473002264122035
UGC08286,sidm,44.67625220737038,3.436634785182337,13,52.67625220737038,56.00910558359524,True,1.8181308334838504
F583-4,sidm,2.664135102607251,0.3330168878259064,8,10.66413510260725,12.603761701759252,True,1.9168086401420086
ESO116-G012,sidm,19.19098083597039,1.7446346214518536,11,27.19098083597039,30.023181640379228,True,1.7678350086701882
F571-8,sidm,5.822177990877723,0.6469086656530804,9,13.822177990877723,16.08197542072387,True,1.8650314821541238
NGC3741,sidm,10.518150921329891,0.6187147600782289,17,18.51815092132989,22.69624067222358,True,2.0678322940185945
UGC02953,sidm,340.41295129169106,3.06678334497019,111,348.41295129169106,359.39267980514404,True,1.5618103809657158
NGC1090,sidm,32.5810457565165,1.6290522878258251,20,40.5810457565165,45.293261077908284,True,1.627631638696016
KK98-251,sidm,4.430948139612012,0.4028134672374556,11,12.430948139612012,15.263148944020852,True,1.9178153733044438
UGC00731,sidm,81.19970892064131,10.149963615080164,8,89.19970892064131,91.13933551979332,True,1.8445145244214163
NGC3198,sidm,29.295980752243196,0.7709468619011367,38,37.295980752243196,44.24665922537667,True,1.6750246392346855
NGC5585,sidm,62.42079259041657,3.1210396295208285,20,70.42079259041657,75.13300791180835,True,1.8931575307185573
UGC05716,sidm,19.314783937932724,2.4143479922415905,8,27.314783937932724,29.254410537084723,True,1.9181949578878423
UGC02487,sidm,54.21961130590999,4.170739331223846,13,62.21961130590999,65.55246468213485,True,1.5246231664753787
NGC3109,sidm,7.0080684014508785,0.3337175429262323,21,15.008068401450878,19.88357170092368,True,2.6785026314504243
F568-1,sidm,2.803222652528095,0.3504028315660119,8,10.803222652528095,12.742849251680097,True,1.6562959614162256
NGC0100,sidm,3.2504730953254826,0.20315456845784266,16,11.250473095325482,15.233402189541446,True,1.8890867405959055
NGC0055,sidm,10.359157387095754,0.6093621992409267,17,18.359157387095756,22.537247137989446,True,1.9522036008581947
NGC5985,sidm,204.57034519072312,7.054149834162866,29,212.57034519072312,218.55637543658904,True,0.8672262577356019
NGC1003,sidm,61.06871542314546,1.9083973569732957,32,69.06871542314546,75.4027911769699,True,1.9863986887120744
NGC6674,sidm,25.27063844308684,2.297330767553349,11,33.27063844308684,36.10283924749568,True,1.9778498453137208
NGC4013,sidm,23.28603037055536,0.727688449079855,32,31.28603037055536,37.6201061243798,True,1.989419348554013
UGC06614,sidm,1.5855911401870648,0.17617679335411832,9,9.585591140187065,11.845388570033212,True,1.824601558532527
NGC4100,sidm,25.5110760569792,1.27555380284896,20,33.5110760569792,38.22329137837098,True,1.1682287380090348
NGC5907,sidm,89.4715848916082,5.964772326107213,15,97.4715848916082,101.24934080827396,True,39.69066311536815
UGC05829,sidm,2.479426311405039,0.35420375877214844,7,10.479426311405039,12.071007402598521,True,1.9252201840096224
NGC4088,sidm,6.0011668815979835,0.7501458601997479,8,14.001166881597984,15.940793480749985,True,1.9982925492626615
NGC5005,sidm,0.8296555188907407,0.05926110849219577,14,8.82965551889074,12.391142550475399,True,30.150898283806697
NGC7793,sidm,34.193090951892216,0.8141212131402908,42,42.193090951892216,49.5076565378486,True,1.8703667328724833
UGC08490,sidm,11.621760647414096,0.4469907941313114,26,19.621760647414096,25.226550174062716,True,1.799571623034026
NGC2955,sidm,74.78694525149183,3.7393472625745914,20,82.78694525149183,87.49916057288361,True,1.5527372568993563
NGC3893,nfw,3.7223811531678326,0.6203968588613055,6,11.722381153167833,12.932721525144014,True,0.0
NGC4214,nfw,6.612163703648158,0.6612163703648158,10,14.612163703648157,17.168393022109193,True,0.0
NGC0300,nfw,14.69001434415761,0.6995244925789338,21,22.69001434415761,27.565517643630415,True,0.0
NGC3769,nfw,4.261983883574004,0.5327479854467505,8,12.261983883574004,14.201610482726005,True,0.0
UGC06983,nfw,8.648802845944815,0.6652925266111396,13,16.648802845944815,19.98165622216968,True,0.0
UGC05764,nfw,23.30510343263786,3.8841839054396434,6,31.30510343263786,32.515443804614044,True,0.0
UGC11557,nfw,8.817798725222472,1.259685532174639,7,16.817798725222474,18.409379816415957,True,0.0
UGC12632,nfw,3.614302919377692,0.3285729926706993,11,11.614302919377693,14.446503723786533,True,0.0
NGC1705,nfw,0.7942024420921746,0.07942024420921746,10,8.794202442092175,11.350431760553208,True,0.0
NGC6015,nfw,279.6903582469443,6.9922589561736075,40,287.6903582469443,294.82711678261734,True,0.0
NGC3972,nfw,8.323057637306203,1.387176272884367,6,16.323057637306203,17.533398009282386,True,0.0
NGC0247,nfw,20.75282790378348,0.9433103592628854,22,28.75282790378348,33.7852140558694,True,0.0
UGC07323,nfw,4.428523036499444,0.7380871727499073,6,12.428523036499444,13.638863408475626,True,0.0
UGC03580,nfw,134.88408967537785,3.136839294776229,43,142.88408967537785,150.28468008221807,True,0.0
UGC06930,nfw,2.0616122105401518,0.3436020350900253,6,10.06161221054015,11.271952582516334,True,0.0
UGC12732,nfw,2.0187296881531545,0.16822747401276286,12,10.018729688153154,13.109084577112279,True,0.0
F568-3,nfw,50.30162581150374,3.592973272250267,14,58.30162581150374,61.8631128430884,True,0.0
UGC09133,nfw,235.2204339265657,3.675319280102589,64,243.2204339265657,252.09846474727013,True,0.0
UGC04278,nfw,27.149253212121124,1.3574626606060562,20,35.149253212121124,39.861468533512905,True,0.0
UGC06917,nfw,5.591089306172777,0.7987270437389682,7,13.591089306172776,15.182670397366259,True,0.0
UGC09037,nfw,23.746728618123228,1.319262701006846,18,31.746728618123228,36.11089843155649,True,0.0
NGC2403,nfw,151.0770045937634,2.189521805706716,69,159.0770045937634,168.23884235835698,True,0.0
F583-1,nfw,36.167401008796936,1.722257190895092,21,44.167401008796936,49.04290430826974,True,0.0
F563-V2,nfw,7.805850236092563,1.3009750393487605,6,15.805850236092564,17.016190608068744,True,0.0
NGC4559,nfw,5.69542032114275,0.20340786861224108,28,13.69542032114275,19.558363932341656,True,0.0
F579-V1,nfw,2.220160519362162,0.2220160519362162,10,10.220160519362162,12.776389837823196,True,0.0
DDO064,nfw,7.221354353492898,0.7221354353492898,10,15.221354353492899,17.77758367195393,True,0.0
UGC07399,nfw,7.03060831465855,1.1717680524430916,6,15.03060831465855,16.24094868663473,True,0.0
NGC0801,nfw,54.06957742647309,6.0077308251636765,9,62.06957742647309,64.32937485631923,True,0.0
DDO161,nfw,10.756823062304818,0.3984008541594377,27,18.756823062304818,24.492771880245403,True,0.0
UGC11455,nfw,167.36745644053516,5.230233013766724,32,175.36745644053516,181.7015321943596,True,0.0
UGC06786,nfw,19.25424793911914,0.46961580339314973,41,27.25424793911914,34.48089789820042,True,0.0
UGC07524,nfw,21.145102859270423,0.7831519577507564,27,29.145102859270423,34.881051677211005,True,0.0
NGC4217,nfw,75.68114812485703,5.045409874990469,15,83.68114812485703,87.4589040415228,True,0.0
UGC01281,nfw,28.931536811720175,1.4465768405860087,20,36.93153681172018,41.64375213311196,True,0.0
NGC5371,nfw,67.99980245963971,4.533320163975981,15,75.99980245963971,79.77755837630548,True,0.0
IC2574,nfw,96.69874522385068,3.2232915074616892,30,104.69874522385068,110.80418732231533,True,0.0
UGC00128,nfw,25.324072199203254,1.4068928999557364,18,33.32407219920326,37.688242012636515,True,0.0
DDO168,nfw,41.165342682901425,6.860890447150237,6,49.165342682901425,50.375683054877605,True,0.0
F574-1,nfw,18.20888430361307,1.8208884303613069,10,26.20888430361307,28.765113622074104,True,0.0
UGC04305,nfw,32.87434307013982,1.9337848864788132,17,40.87434307013982,45.05243282103351,True,0.0
NGC2976,nfw,20.13353154729094,0.8753709368387365,23,28.13353154729094,33.31687901130826,True,0.0
ESO563-G021,nfw,476.5122113751462,18.32739274519793,26,484.5122113751462,490.1170009017948,True,0.0
NGC0891,nfw,30.494601690846782,2.1781858350604844,14,38.49460169084678,42.05608872243144,True,0.0
NGC3917,nfw,39.95075271267395,3.0731348240518424,13,47.95075271267395,51.28360608889882,True,0.0
ESO079-G014,nfw,45.71052647967934,4.155502407243576,11,53.71052647967934,56.54272728408818,True,0.0
UGC05005,nfw,1.7257796852791025,0.24653995503987178,7,9.725779685279102,11.317360776472585,True,0.0
F568-V1,nfw,2.045118060836752,0.2045118060836752,10,10.045118060836753,12.601347379297785,True,0.0
NGC3877,nfw,39.38055748157533,4.375617497952814,9,47.38055748157533,49.640354911421475,True,0.0
D631-7,nfw,58.74545903446492,4.895454919538744,12,66.74545903446491,69.83581392342404,True,0.0
NGC2683,nfw,6.784228904014437,0.9691755577163482,7,14.784228904014437,16.37580999520792,True,0.0
NGC2366,nfw,52.67545760905771,2.394338982229896,22,60.67545760905771,65.70784376114364,True,0.0
IC4202,nfw,684.0916556626125,24.431844845093305,28,692.0916556626125,697.9545992738115,True,0.0
UGC11914,nfw,39.659715571734,0.6501592716677704,61,47.659715571734,56.35726465131654,True,0.0
UGC03205,nfw,142.17387225746023,3.2312243694877325,44,150.17387225746023,157.6586763010918,True,0.0
F563-1,nfw,16.018190105191035,1.2321684696300796,13,24.018190105191035,27.3510434814159,True,0.0
NGC2903,nfw,181.93833500409505,6.064611166803169,30,189.93833500409505,196.0437771025597,True,0.0
UGC01230,nfw,8.370300285583722,1.1957571836548175,7,16.370300285583724,17.961881376777207,True,0.0
NGC0289,nfw,47.903414797394404,1.9959756165581002,24,55.903414797394404,61.23223283809522,True,0.0
NGC7814,nfw,5.785822886382626,0.41327306331304475,14,13.785822886382626,17.347309917967284,True,0.0
DDO154,nfw,12.529463650625653,1.5661829563282066,8,20.52946365062565,22.469090249777654,True,0.0
UGC06446,nfw,3.009304131307618,0.23148493317750907,13,11.009304131307617,14.342157507532482,True,0.0
UGC05750,nfw,4.03340739435141,0.672234565725235,6,12.03340739435141,13.24374776632759,True,0.0
NGC6946,nfw,81.54163714567441,1.5100303175124892,54,89.54163714567441,97.78340918786009,True,0.0
UGC08699,nfw,23.23174137453975,0.6278849020145879,37,31.23174137453975,38.08602964135698,True,0.0
UGC05986,nfw,66.36866644819929,6.0335151316544815,11,74.36866644819929,77.20086725260813,True,0.0
NGC2998,nfw,27.410939598728564,3.045659955414285,9,35.41093959872856,37.67073702857471,True,0.0
NGC5033,nfw,48.972151556197915,2.7206750864554397,18,56.972151556197915,61.33632136963118,True,0.0
UGC05721,nfw,17.58833491698489,0.9257018377360469,19,25.58833491698489,30.13031178070149,True,0.0
NGC3521,nfw,8.64815237182503,0.233733847887163,37,16.64815237182503,23.502440638642263,True,0.0
UGC08550,nfw,4.672191725971405,0.6674559608530579,7,12.672191725971405,14.263772817164888,True,0.0
UGC11820,nfw,3.464571677170288,0.5774286128617147,6,11.464571677170287,12.67491204914647,True,0.0
NGC5055,nfw,22.320976383273926,0.9300406826364136,24,30.320976383273926,35.64979442397474,True,0.0
UGC03546,nfw,11.930433773312673,0.4588628374351028,26,19.93043377331267,25.535223299961295,True,0.0
NGC4183,nfw,3.45993643280789,0.18210191751620472,19,11.45993643280789,16.00191329652449,True,0.0
UGC07089,nfw,2.2069913310967246,0.2758739163870906,8,10.206991331096724,12.146617930248727,True,0.0
UGC07151,nfw,16.69742123496676,2.3853458907095373,7,24.69742123496676,26.289002326160244,True,0.0
UGCA444,nfw,2.622258885032497,0.08194559015726553,32,10.622258885032497,16.956334638856937,True,0.0
NGC4157,nfw,3.854838327839495,0.2965260252184227,13,11.854838327839495,15.18769170406436,True,0.0
NGC2841,nfw,63.54749273343315,1.3814672333355034,46,71.54749273343316,79.19558475514573,True,0.0
UGC06787,nfw,560.6711866378386,8.368226666236396,67,568.6711866378386,577.7219061460038,True,0.0
UGC02885,nfw,12.517075347424662,0.8344716898283108,15,20.51707534742466,24.294831264090423,True,0.0
NGC2915,nfw,18.71854090663377,0.7199438810243758,26,26.71854090663377,32.32333043328239,True,0.0
NGC3726,nfw,19.49498479141246,2.4368730989265575,8,27.49498479141246,29.434611390564463,True,0.0
UGC07603,nfw,14.235656148997446,1.7794570186246808,8,22.235656148997446,24.17528274814945,True,0.0
UGC05253,nfw,143.5681242201713,2.080697452466251,69,151.5681242201713,160.72996198476488,True,0.0
UGC12506,nfw,4.229778229397734,0.15665845294065683,27,12.229778229397734,17.96572704733832,True,0.0
NGC6503,nfw,31.434475059358608,1.1642398170132817,27,39.434475059358604,45.17042387729919,True,0.0
NGC6195,nfw,33.80702429537317,1.7793170681775352,19,41.80702429537317,46.34900115908977,True,0.0
NGC4010,nfw,20.84006860299504,2.60500857537438,8,28.84006860299504,30.77969520214704,True,0.0
UGC07125,nfw,9.09640439582934,1.0107115995365934,9,17.09640439582934,19.356201825675488,True,0.0
UGC02916,nfw,293.3911579141922,7.522850202928005,39,301.3911579141922,308.4359583769665,True,0.0
NGC0024,nfw,15.497473518268626,0.619898940730745,25,23.497473518268627,28.96665683821452,True,0.0
NGC7331,nfw,24.162975262230244,0.7550929769446951,32,32.16297526223025,38.497051016054684,True,0.0
UGC08286,nfw,29.38993962483651,2.2607645865258856,13,37.389939624836515,40.722793001061376,True,0.0
F583-4,nfw,1.2243481356626318,0.15304351695782897,8,9.224348135662632,11.163974734814634,True,0.0
ESO116-G012,nfw,30.1515560650897,2.741050551371791,11,38.1515560650897,40.98375686949854,True,0.0
F571-8,nfw,33.190993903218576,3.6878882114687306,9,41.190993903218576,43.45079133306472,True,0.0
NGC3741,nfw,6.504058984369274,0.38259170496289846,17,14.504058984369273,18.682148735262967,True,0.0
UGC02953,nfw,427.039855478304,3.847205905209946,111,435.039855478304,446.019583991757,True,0.0
NGC1090,nfw,52.47029983899256,2.623514991949628,20,60.47029983899256,65.18251516038434,True,0.0
KK98-251,nfw,26.755127362497007,2.432284305681546,11,34.75512736249701,37.58732816690585,True,0.0
UGC00731,nfw,2.9958508162508566,0.3744813520313571,8,10.995850816250856,12.935477415402858,True,0.0
NGC3198,nfw,51.96895759657949,1.3676041472784077,38,59.96895759657949,66.91963606971296,True,0.0
NGC5585,nfw,61.3176214516428,3.06588107258214,20,69.3176214516428,74.02983677303459,True,0.0
UGC05716,nfw,3.2898406407289924,0.41123008009112405,8,11.289840640728993,13.229467239880993,True,0.0
UGC02487,nfw,53.43219146125768,4.110168573942898,13,61.43219146125768,64.76504483748255,True,0.0
NGC3109,nfw,90.29510185408157,4.299766754956265,21,98.29510185408157,103.17060515355436,True,0.0
F568-1,nfw,8.37690418450811,1.0471130230635137,8,16.37690418450811,18.316530783660113,True,0.0
NGC0100,nfw,14.197427788472055,0.8873392367795034,16,22.197427788472055,26.180356882688017,True,0.0
NGC0055,nfw,21.150787607269308,1.2441639768981947,17,29.150787607269308,33.328877358163,True,0.0
NGC5985,nfw,50.72872787866371,1.7492664785746108,29,58.72872787866371,64.71475812452964,True,0.0
NGC1003,nfw,66.91527198130306,2.0911022494157208,32,74.91527198130306,81.2493477351275,True,0.0
NGC6674,nfw,20.197902209769428,1.836172928160857,11,28.197902209769428,31.030103014178266,True,0.0
NGC4013,nfw,23.11336235586604,0.7222925736208138,32,31.11336235586604,37.44743810969048,True,0.0
UGC06614,nfw,1.5313730664343987,0.17015256293715542,9,9.531373066434398,11.791170496280547,True,0.0
NGC4100,nfw,18.866999075000805,0.9433499537500403,20,26.866999075000805,31.579214396392587,True,0.0
NGC5907,nfw,82.8502865160003,5.52335243440002,15,90.8502865160003,94.62804243266606,True,0.0
UGC05829,nfw,0.9272097530680661,0.13245853615258088,7,8.927209753068066,10.518790844261549,True,0.0
NGC4088,nfw,4.156296143938284,0.5195370179922855,8,12.156296143938285,14.095922743090284,True,0.0
NGC5005,nfw,0.792592313004719,0.05661373664319421,14,8.792592313004718,12.354079344589376,True,0.0
NGC7793,nfw,38.632752406950374,0.9198274382607232,42,46.632752406950374,53.947317992906754,True,0.0
UGC08490,nfw,3.1440846067939394,0.12092633103053613,26,11.144084606793939,16.748874133442563,True,0.0
NGC2955,nfw,63.554571422585454,3.177728571129273,20,71.55457142258545,76.26678674397724,True,0.0
NGC3893,dc14,11.372697104000213,1.895449517333369,6,19.372697104000213,20.583037475976397,True,0.0
NGC4214,dc14,2.371815484237154,0.23718154842371542,10,10.371815484237153,12.928044802698189,True,0.0
NGC0300,dc14,53.03704686928924,2.525573660442345,21,61.03704686928924,65.91255016876204,True,0.0
NGC3769,dc14,6.982932209483706,0.8728665261854632,8,14.982932209483707,16.922558808635706,True,0.0
UGC06983,dc14,13.664031714012882,1.0510793626163755,13,21.664031714012882,24.996885090237747,True,0.0
UGC05764,dc14,10.070746792290329,1.6784577987150548,6,18.07074679229033,19.28108716426651,True,0.0
UGC11557,dc14,18.587755481196705,2.6553936401709577,7,26.587755481196705,28.179336572390188,True,0.0
UGC12632,dc14,28.17645637611566,2.5614960341923325,11,36.17645637611566,39.0086571805245,True,0.0
NGC1705,dc14,0.9534917954014358,0.09534917954014357,10,8.953491795401435,11.509721113862469,True,0.0
NGC6015,dc14,450.6845667061046,11.267114167652615,40,458.6845667061046,465.82132524177763,True,0.0
NGC3972,dc14,42.969774604079234,7.161629100679872,6,50.969774604079234,52.180114976055414,True,0.0
NGC0247,dc14,114.10366465045182,5.186530211384174,22,122.10366465045182,127.13605080253774,True,0.0
UGC07323,dc14,24.89051284688593,4.148418807814322,6,32.890512846885926,34.10085321886211,True,0.0
UGC03580,dc14,744.1899374008002,17.306742730251166,43,752.1899374008002,759.5905278076405,True,0.0
UGC06930,dc14,6.769108113769545,1.1281846856282576,6,14.769108113769544,15.979448485745728,True,0.0
UGC12732,dc14,4.243707755795192,0.3536423129829327,12,12.243707755795192,15.334062644754317,True,0.0
F568-3,dc14,131.93922958203396,9.424230684430997,14,139.93922958203396,143.5007166136186,True,0.0
UGC09133,dc14,224.9987289358161,3.5156051396221266,64,232.9987289358161,241.87675975652053,True,0.0
UGC04278,dc14,188.47073997261276,9.423536998630638,20,196.47073997261276,201.18295529400456,True,0.0
UGC06917,dc14,39.90801619165055,5.701145170235793,7,47.90801619165055,49.499597282844036,True,0.0
UGC09037,dc14,122.17807224229325,6.787670680127403,18,130.17807224229324,134.54224205572652,True,0.0
NGC2403,dc14,241.45563102483314,3.4993569713743935,69,249.45563102483314,258.6174687894267,True,0.0
F583-1,dc14,35.05958721153855,1.669504152930407,21,43.05958721153855,47.93509051101135,True,0.0
F563-V2,dc14,10.708505616622666,1.7847509361037777,6,18.708505616622666,19.918845988598846,True,0.0
NGC4559,dc14,23.94446946869106,0.8551596238818236,28,31.94446946869106,37.80741307988997,True,0.0
F579-V1,dc14,5.534609177799929,0.553460917779993,10,13.53460917779993,16.090838496260965,True,0.0
DDO064,dc14,28.237022616007334,2.8237022616007335,10,36.23702261600734,38.793251934468366,True,0.0
UGC07399,dc14,4.159706041545048,0.6932843402575081,6,12.159706041545048,13.37004641352123,True,0.0
NGC0801,dc14,79.57097787580253,8.841219763978058,9,87.57097787580253,89.83077530564867,True,0.0
DDO161,dc14,16.30460405650639,0.6038742243150514,27,24.30460405650639,30.040552874446973,True,0.0
UGC11455,dc14,763.9584839618436,23.873702623807613,32,771.9584839618436,778.2925597156681,True,0.0
UGC06786,dc14,23.562442663135347,0.574693723491106,41,31.562442663135347,38.78909262221663,True,0.0
UGC07524,dc14,198.8688350427162,7.365512408989489,27,206.8688350427162,212.6047838606568,True,0.0
NGC4217,dc14,184.3712946732971,12.291419644886473,15,192.3712946732971,196.14905058996285,True,0.0
UGC01281,dc14,58.369692284283175,2.918484614214159,20,66.36969228428318,71.08190760567496,True,0.0
NGC5371,dc14,29.78443582475495,1.9856290549836635,15,37.78443582475495,41.56219174142071,True,0.0
IC2574,dc14,433.16420161117003,14.438806720372334,30,441.16420161117003,447.2696437096347,True,0.0
UGC00128,dc14,36.81296996011117,2.045164997783954,18,44.81296996011117,49.17713977354443,True,0.0
DDO168,dc14,47.78015412873492,7.96335902145582,6,55.78015412873492,56.9904945007111,True,0.0
F574-1,dc14,89.64876274065705,8.964876274065706,10,97.64876274065705,100.20499205911808,True,0.0
UGC04305,dc14,33.18829717216693,1.9522527748333491,17,41.18829717216693,45.366386923060624,True,0.0
NGC2976,dc14,20.13390476638431,0.8753871637558395,23,28.13390476638431,33.31725223040162,True,0.0
ESO563-G021,dc14,1030.6384857614644,39.639941760056324,26,1038.6384857614644,1044.243275288113,True,0.0
NGC0891,dc14,45.912078881417166,3.279434205815512,14,53.912078881417166,57.47356591300182,True,0.0
NGC3917,dc14,115.31164396889916,8.870126459146089,13,123.31164396889916,126.64449734512402,True,0.0
ESO079-G014,dc14,172.13538605711946,15.648671459738132,11,180.13538605711946,182.9675868615283,True,0.0
UGC05005,dc14,17.036081198288194,2.433725885469742,7,25.036081198288194,26.627662289481677,True,0.0
F568-V1,dc14,5.499717159458499,0.5499717159458499,10,13.499717159458498,16.055946477919534,True,0.0
NGC3877,dc14,74.42972051997909,8.269968946664342,9,82.42972051997909,84.68951794982523,True,0.0
D631-7,dc14,27.84215865735745,2.320179888113121,12,35.84215865735745,38.93251354631658,True,0.0
NGC2683,dc14,9.37685700259361,1.3395510003705158,7,17.37685700259361,18.968438093787093,True,0.0
NGC2366,dc14,80.96175430787957,3.6800797412672535,22,88.96175430787957,93.99414045996551,True,0.0
IC4202,dc14,888.8578762278348,31.744924150994102,28,896.8578762278348,902.7208198390338,True,0.0
UGC11914,dc14,56.24351198231432,0.9220247865953166,61,64.24351198231432,72.94106106189686,True,0.0
UGC03205,dc14,127.035448540587,2.887169285013341,44,135.035448540587,142.52025258421855,True,0.0
F563-1,dc14,13.560510342886865,1.0431161802220665,13,21.560510342886865,24.89336371911173,True,0.0
NGC2903,dc14,348.9385773499821,11.63128591166607,30,356.9385773499821,363.04401944844676,True,0.0
UGC01230,dc14,18.764895507311557,2.6806993581873653,7,26.764895507311557,28.35647659850504,True,0.0
NGC0289,dc14,48.53376592162864,2.0222402467345266,24,56.53376592162864,61.86258396232946,True,0.0
NGC7814,dc14,5.945101340036681,0.42465009571690576,14,13.94510134003668,17.50658837162134,True,0.0
DDO154,dc14,2.2558823168116366,0.2819852896014546,8,10.255882316811636,12.195508915963638,True,0.0
UGC06446,dc14,3.3858075030943287,0.26044673100725607,13,11.385807503094329,14.718660879319193,True,0.0
UGC05750,dc14,14.912156336315075,2.4853593893858457,6,22.912156336315075,24.12249670829126,True,0.0
NGC6946,dc14,115.8707673675265,2.1457549512504905,54,123.8707673675265,132.11253940971218,True,0.0
UGC08699,dc14,25.661154577423005,0.6935447183087299,37,33.661154577423005,40.51544284424023,True,0.0
UGC05986,dc14,381.1889480213906,34.653540729217326,11,389.1889480213906,392.02114882579946,True,0.0
NGC2998,dc14,6.901851093977182,0.7668723437752425,9,14.901851093977182,17.16164852382333,True,0.0
NGC5033,dc14,77.37745218834391,4.298747343796884,18,85.37745218834391,89.74162200177717,True,0.0
UGC05721,dc14,8.470783223354658,0.44583069596603464,19,16.47078322335466,21.012760087071257,True,0.0
NGC3521,dc14,3.2749149916014684,0.08851121598922887,37,11.274914991601468,18.1292032584187,True,0.0
UGC08550,dc14,9.882750782621837,1.4118215403745482,7,17.882750782621837,19.47433187381532,True,0.0
UGC11820,dc14,6.374541334490591,1.0624235557484318,6,14.37454133449059,15.584881706466772,True,0.0
NGC5055,dc14,43.55075085784398,1.8146146190768324,24,51.55075085784398,56.8795688985448,True,0.0
UGC03546,dc14,15.894076709448424,0.6113106426710933,26,23.894076709448424,29.498866236097044,True,0.0
NGC4183,dc14,12.760797137116535,0.6716209019535019,19,20.760797137116533,25.302774000833132,True,0.0
UGC07089,dc14,31.701499987397213,3.9626874984246516,8,39.70149998739721,41.64112658654921,True,0.0
UGC07151,dc14,58.79534511573667,8.39933501653381,7,66.79534511573667,68.38692620693016,True,0.0
UGCA444,dc14,1.7912149801386927,0.05597546812933415,32,9.791214980138692,16.125290733963134,True,0.0
NGC4157,dc14,13.542286847491289,1.0417143728839453,13,21.54228684749129,24.87514022371615,True,0.0
NGC2841,dc14,59.000867034869145,1.2826275442362858,46,67.00086703486915,74.64895905658173,True,0.0
UGC06787,dc14,636.4407245915105,9.499115292410604,67,644.4407245915105,653.4914440996757,True,0.0
UGC02885,dc14,14.944623514849932,0.9963082343233288,15,22.94462351484993,26.72237943151569,True,0.0
NGC2915,dc14,12.819078561536976,0.4930414831360376,26,20.819078561536976,26.4238680881856,True,0.0
NGC3726,dc14,37.84446648946101,4.730558311182627,8,45.84446648946101,47.78409308861301,True,0.0
UGC07603,dc14,15.43108868195182,1.9288860852439775,8,23.43108868195182,25.37071528110382,True,0.0
UGC05253,dc14,167.34012806217083,2.425219247277838,69,175.34012806217083,184.5019658267644,True,0.0
UGC12506,dc14,5.467919932140569,0.2025155530422433,27,13.46791993214057,19.203868750081156,True,0.0
NGC6503,dc14,28.75586940345377,1.0650322001279173,27,36.75586940345377,42.491818221394354,True,0.0
NGC6195,dc14,36.15933855442823,1.9031230818120122,19,44.15933855442823,48.70131541814483,True,0.0
NGC4010,dc14,89.19151650097429,11.148939562621786,8,97.19151650097429,99.1311431001263,True,0.0
UGC07125,dc14,37.83525191964506,4.203916879960563,9,45.83525191964506,48.095049349491205,True,0.0
UGC02916,dc14,208.035600998681,5.334246179453359,39,216.035600998681,223.08040146145524,True,0.0
NGC0024,dc14,56.740923276217494,2.2696369310486997,25,64.7409232762175,70.21010659616339,True,0.0
NGC7331,dc14,25.970085237742094,0.8115651636794404,32,33.9700852377421,40.30416099156653,True,0.0
UGC08286,dc14,61.02198975200196,4.693999211692458,13,69.02198975200196,72.35484312822682,True,0.0
F583-4,dc14,22.6366933698884,2.82958667123605,8,30.6366933698884,32.5763199690404,True,0.0
ESO116-G012,dc14,71.9994447251041,6.545404065918555,11,79.9994447251041,82.83164552951294,True,0.0
F571-8,dc14,150.02891937900264,16.669879931000295,9,158.02891937900264,160.2887168088488,True,0.0
NGC3741,dc14,6.1929330225989245,0.3642901777999367,17,14.192933022598925,18.371022773492616,True,0.0
UGC02953,dc14,467.6558971980644,4.213116190973553,111,475.6558971980644,486.6356257115174,True,0.0
NGC1090,dc14,147.73179112865313,7.386589556432656,20,155.73179112865313,160.44400645004492,True,0.0
KK98-251,dc14,88.31259383664947,8.028417621513588,11,96.31259383664947,99.14479464105831,True,0.0
UGC00731,dc14,0.9291983776540652,0.11614979720675815,8,8.929198377654066,10.868824976806067,True,0.0
NGC3198,dc14,204.5217900797696,5.382152370520252,38,212.5217900797696,219.47246855290308,True,0.0
NGC5585,dc14,273.41826012160226,13.670913006080113,20,281.41826012160226,286.13047544299405,True,0.0
UGC05716,dc14,3.275973109297682,0.40949663866221025,8,11.275973109297682,13.215599708449684,True,0.0
UGC02487,dc14,55.049846901577304,4.234603607813638,13,63.049846901577304,66.38270027780217,True,0.0
NGC3109,dc14,16.849433388354072,0.8023539708740034,21,24.849433388354072,29.724936687826876,True,0.0
F568-1,dc14,47.50601119010496,5.93825139876312,8,55.50601119010496,57.445637789256956,True,0.0
NGC0100,dc14,108.13655024484616,6.758534390302885,16,116.13655024484616,120.11947933906212,True,0.0
NGC0055,dc14,230.39464213360756,13.552626007859269,17,238.39464213360756,242.57273188450125,True,0.0
NGC5985,dc14,71.04516297912326,2.449833206176664,29,79.04516297912326,85.03119322498918,True,0.0
NGC1003,dc14,88.36505451819723,2.7614079536936633,32,96.36505451819723,102.69913027202166,True,0.0
NGC6674,dc14,76.99052189010655,6.99913835364605,11,84.99052189010655,87.82272269451539,True,0.0
NGC4013,dc14,44.19949483404413,1.381234213563879,32,52.19949483404413,58.53357058786857,True,0.0
UGC06614,dc14,10.485296809303035,1.1650329788114484,9,18.485296809303037,20.745094239149182,True,0.0
NGC4100,dc14,28.25581669794923,1.4127908348974614,20,36.25581669794923,40.96803201934101,True,0.0
NGC5907,dc14,52.976916993414314,3.531794466227621,15,60.976916993414314,64.75467291008007,True,0.0
UGC05829,dc14,12.854478627862752,1.8363540896946788,7,20.854478627862754,22.446059719056237,True,0.0
NGC4088,dc14,9.907706959880645,1.2384633699850807,8,17.907706959880645,19.84733355903265,True,0.0
NGC5005,dc14,0.7628488645906538,0.05448920461361813,14,8.762848864590653,12.324335896175311,True,0.0
NGC7793,dc14,100.69697135093399,2.3975469369269997,42,108.69697135093399,116.01153693689037,True,0.0
UGC08490,dc14,5.744398868200728,0.2209384180077203,26,13.744398868200728,19.34918839484935,True,0.0
NGC2955,dc14,46.573455114734315,2.328672755736716,20,54.573455114734315,59.2856704361261,True,0.0
NGC3893,burkert,1.3833416433786123,0.23055694056310205,6,9.383341643378612,10.593682015354794,True,0.0
NGC4214,burkert,9.054324742839606,0.9054324742839606,10,17.054324742839604,19.61055406130064,True,0.0
NGC0300,burkert,9.574082525312445,0.455908691681545,21,17.574082525312445,22.449585824785245,True,0.0
NGC3769,burkert,5.079739937042661,0.6349674921303327,8,13.07973993704266,15.019366536194664,True,0.0
UGC06983,burkert,6.185691169530983,0.47582239765622947,13,14.185691169530983,17.518544545755848,True,0.0
UGC05764,burkert,8.477410245051077,1.4129017075085128,6,16.477410245051075,17.68775061702726,True,0.0
UGC11557,burkert,3.936046154938433,0.5622923078483476,7,11.936046154938433,13.527627246131916,True,0.0
UGC12632,burkert,0.8373135345006151,0.07611941222732864,11,8.837313534500614,11.669514338909455,True,0.0
NGC1705,burkert,3.052596247790693,0.3052596247790693,10,11.052596247790692,13.608825566251728,True,0.0
NGC6015,burkert,298.94533853409257,7.473633463352314,40,306.94533853409257,314.0820970697656,True,0.0
NGC3972,burkert,3.5864735766435993,0.5977455961072665,6,11.586473576643598,12.796813948619782,True,0.0
NGC0247,burkert,51.19646711423536,2.3271121415561526,22,59.19646711423536,64.2288532663213,True,0.0
UGC07323,burkert,1.6803607735441817,0.28006012892403026,6,9.680360773544182,10.890701145520364,True,0.0
UGC03580,burkert,128.032909969044,2.977509534163814,43,136.032909969044,143.43350037588422,True,0.0
UGC06930,burkert,1.0359746058158172,0.1726624343026362,6,9.035974605815817,10.246314977791998,True,0.0
UGC12732,burkert,12.29721264600517,1.0247677205004309,12,20.29721264600517,23.387567534964294,True,0.0
F568-3,burkert,14.455003762346497,1.0325002687390354,14,22.455003762346497,26.016490793931155,True,0.0
UGC09133,burkert,266.05689346002293,4.157138960312858,64,274.05689346002293,282.9349242807274,True,0.0
UGC04278,burkert,9.680241488905356,0.4840120744452678,20,17.680241488905356,22.392456810297137,True,0.0
UGC06917,burkert,1.5995528932184921,0.22850755617407031,7,9.599552893218492,11.191133984411975,True,0.0
UGC09037,burkert,10.816093303945884,0.600894072441438,18,18.816093303945884,23.18026311737915,True,0.0
NGC2403,burkert,204.55774144290203,2.9646049484478554,69,212.55774144290203,221.7195792074956,True,0.0
F583-1,burkert,4.071094164249041,0.19386162686900194,21,12.07109416424904,16.946597463721844,True,0.0
F563-V2,burkert,1.1915968720082848,0.19859947866804747,6,9.191596872008285,10.401937243984467,True,0.0
NGC4559,burkert,6.803595946280327,0.24298556951001166,28,14.803595946280327,20.666539557479233,True,0.0
F579-V1,burkert,2.011248765715809,0.2011248765715809,10,10.01124876571581,12.567478084176843,True,0.0
DDO064,burkert,3.662657683232092,0.36626576832320923,10,11.662657683232093,14.218887001693126,True,0.0
UGC07399,burkert,4.691917665985171,0.7819862776641952,6,12.691917665985171,13.902258037961353,True,0.0
NGC0801,burkert,56.75296235094518,6.305884705660576,9,64.75296235094518,67.01275978079133,True,0.0
DDO161,burkert,5.549524870343424,0.20553795816086756,27,13.549524870343424,19.285473688284007,True,0.0
UGC11455,burkert,47.53440955733555,1.485450298666736,32,55.53440955733555,61.868485311159986,True,0.0
UGC06786,burkert,84.48131539930058,2.060519887787819,41,92.48131539930058,99.70796535838187,True,0.0
UGC07524,burkert,5.8236126719411585,0.2156893582200429,27,13.82361267194116,19.559561489881744,True,0.0
NGC4217,burkert,51.11449924892518,3.4076332832616787,15,59.11449924892518,62.89225516559094,True,0.0
UGC01281,burkert,3.712302852950776,0.1856151426475388,20,11.712302852950776,16.42451817434256,True,0.0
NGC5371,burkert,139.3228979089418,9.288193193929454,15,147.3228979089418,151.10065382560757,True,0.0
IC2574,burkert,16.011808688328305,0.5337269562776101,30,24.011808688328305,30.11725078679295,True,0.0
UGC00128,burkert,81.6198752296596,4.534437512758867,18,89.6198752296596,93.98404504309286,True,0.0
DDO168,burkert,16.373882983737904,2.7289804972896508,6,24.373882983737904,25.584223355714087,True,0.0
F574-1,burkert,0.5625956675737883,0.05625956675737883,10,8.562595667573788,11.118824986034822,True,0.0
UGC04305,burkert,31.5095553649705,1.8535032567629706,17,39.509555364970495,43.68764511586419,True,0.0
NGC2976,burkert,7.470263438443099,0.3247940625410043,23,15.470263438443098,20.653610902460414,True,0.0
ESO563-G021,burkert,207.92161829770887,7.996985319142649,26,215.92161829770887,221.5264078243575,True,0.0
NGC0891,burkert,14.767713316960448,1.0548366654971748,14,22.767713316960446,26.329200348545108,True,0.0
NGC3917,burkert,14.450420349160622,1.1115707960892787,13,22.450420349160623,25.783273725385484,True,0.0
ESO079-G014,burkert,11.33721597512634,1.0306559977387582,11,19.33721597512634,22.16941677953518,True,0.0
UGC05005,burkert,0.11765039883972171,0.01680719983424596,7,8.117650398839722,9.709231490033204,True,0.0
F568-V1,burkert,0.6629788092355647,0.06629788092355647,10,8.662978809235565,11.219208127696598,True,0.0
NGC3877,burkert,10.369865210796053,1.152207245644006,9,18.369865210796053,20.629662640642202,True,0.0
D631-7,burkert,4.8101821612605375,0.40084851343837813,12,12.810182161260538,15.900537050219661,True,0.0
NGC2683,burkert,6.11695009142817,0.8738500130611672,7,14.11695009142817,15.708531182621652,True,0.0
NGC2366,burkert,10.664342234024184,0.4847428288192811,22,18.664342234024183,23.69672838611011,True,0.0
IC4202,burkert,355.46068570038676,12.695024489299527,28,363.46068570038676,369.32362931158565,True,0.0
UGC11914,burkert,25.15518385187991,0.4123800631455723,61,33.15518385187991,41.852732931462455,True,0.0
UGC03205,burkert,154.3144006891411,3.5071454702077527,44,162.3144006891411,169.79920473277267,True,0.0
F563-1,burkert,8.056940092814196,0.619764622524169,13,16.056940092814195,19.389793469039063,True,0.0
NGC2903,burkert,148.1371707748204,4.937905692494013,30,156.1371707748204,162.24261287328503,True,0.0
UGC01230,burkert,2.13146205069736,0.30449457867105145,7,10.13146205069736,11.723043141890843,True,0.0
NGC0289,burkert,49.937281861449286,2.080720077560387,24,57.937281861449286,63.2660999021501,True,0.0
NGC7814,burkert,8.099226526671021,0.5785161804765016,14,16.09922652667102,19.66071355825568,True,0.0
DDO154,burkert,2.0492982558173756,0.25616228197717195,8,10.049298255817376,11.988924854969376,True,0.0
UGC06446,burkert,5.258305830977033,0.40448506392131023,13,13.258305830977033,16.591159207201898,True,0.0
UGC05750,burkert,0.9095898284133432,0.15159830473555722,6,8.909589828413344,10.119930200389526,True,0.0
NGC6946,burkert,77.12878112937628,1.4283107616551163,54,85.12878112937628,93.37055317156195,True,0.0
UGC08699,burkert,31.412549973694478,0.8489878371268778,37,39.41254997369448,46.26683824051171,True,0.0
UGC05986,burkert,11.965869120398672,1.0878062836726066,11,19.965869120398672,22.798069924807514,True,0.0
NGC2998,burkert,28.11751426712754,3.12416825190306,9,36.11751426712754,38.377311696973685,True,0.0
NGC5033,burkert,39.52001195054349,2.1955562194746383,18,47.52001195054349,51.884181763976756,True,0.0
UGC05721,burkert,7.868686640497321,0.41414140213143796,19,15.868686640497321,20.41066350421392,True,0.0
NGC3521,burkert,6.832310731691366,0.18465704680246936,37,14.832310731691365,21.686598998508597,True,0.0
UGC08550,burkert,5.161632105458655,0.7373760150655222,7,13.161632105458654,14.753213196652137,True,0.0
UGC11820,burkert,17.15205566151481,2.858675943585802,6,25.15205566151481,26.362396033490995,True,0.0
NGC5055,burkert,15.078460605434358,0.6282691918930983,24,23.07846060543436,28.407278646135175,True,0.0
UGC03546,burkert,8.447875836873255,0.3249183014182021,26,16.447875836873255,22.052665363521875,True,0.0
NGC4183,burkert,7.329861295420779,0.3857821734431989,19,15.329861295420779,19.871838159137376,True,0.0
UGC07089,burkert,1.140271565019382,0.14253394562742275,8,9.140271565019383,11.079898164171384,True,0.0
UGC07151,burkert,7.440479757304006,1.062925679614858,7,15.440479757304006,17.032060848497487,True,0.0
UGCA444,burkert,6.75724211486445,0.21116381608951407,32,14.75724211486445,21.09131786868889,True,0.0
NGC4157,burkert,3.3958097578344546,0.261216135218035,13,11.395809757834455,14.72866313405932,True,0.0
NGC2841,burkert,80.87315121037854,1.7581119828343161,46,88.87315121037854,96.52124323209112,True,0.0
UGC06787,burkert,751.4104593556825,11.215081482920635,67,759.4104593556825,768.4611788638477,True,0.0
UGC02885,burkert,13.94995458410522,0.9299969722736813,15,21.94995458410522,25.727710500770982,True,0.0
NGC2915,burkert,9.279117638911108,0.35688913995811955,26,17.27911763891111,22.88390716555973,True,0.0
NGC3726,burkert,17.442075381895037,2.1802594227368797,8,25.442075381895037,27.381701981047037,True,0.0
UGC07603,burkert,1.3334380357297702,0.16667975446622127,8,9.33343803572977,11.273064634881772,True,0.0
UGC05253,burkert,53.871427304551936,0.7807453232543758,69,61.871427304551936,71.0332650691455,True,0.0
UGC12506,burkert,16.3270713174093,0.6047063450892333,27,24.3270713174093,30.063020135349884,True,0.0
NGC6503,burkert,53.17312325389738,1.9693749353295327,27,61.17312325389738,66.90907207183797,True,0.0
NGC6195,burkert,27.255204974775246,1.434484472356592,19,35.255204974775246,39.797181838491845,True,0.0
NGC4010,burkert,12.02458235660535,1.5030727945756688,8,20.02458235660535,21.96420895575735,True,0.0
UGC07125,burkert,2.6135311588713206,0.29039235098570226,9,10.613531158871321,12.873328588717467,True,0.0
UGC02916,burkert,273.41161932406703,7.010554341642744,39,281.41161932406703,288.4564197868413,True,0.0
NGC0024,burkert,17.669638083201985,0.7067855233280794,25,25.669638083201985,31.13882140314788,True,0.0
NGC7331,burkert,38.495668013857134,1.2029896254330354,32,46.495668013857134,52.82974376768158,True,0.0
UGC08286,burkert,13.802918657937163,1.061762973687474,13,21.802918657937163,25.135772034162027,True,0.0
F583-4,burkert,3.396650149945089,0.4245812687431361,8,11.396650149945089,13.33627674909709,True,0.0
ESO116-G012,burkert,9.52696661958416,0.8660878745076509,11,17.526966619584158,20.359167423993,True,0.0
F571-8,burkert,2.7284818932335733,0.30316465480373034,9,10.728481893233573,12.98827932307972,True,0.0
NGC3741,burkert,9.478225460820296,0.5575426741658998,17,17.478225460820298,21.656315211713988,True,0.0
UGC02953,burkert,452.97191500294883,4.080828063089629,111,460.97191500294883,471.9516435164018,True,0.0
NGC1090,burkert,18.518478437770135,0.9259239218885067,20,26.518478437770135,31.230693759161916,True,0.0
KK98-251,burkert,3.748627563862415,0.34078432398749225,11,11.748627563862415,14.580828368271256,True,0.0
UGC00731,burkert,5.434061596329221,0.6792576995411527,8,13.434061596329222,15.373688195481222,True,0.0
NGC3198,burkert,49.63463653045698,1.3061746455383416,38,57.63463653045698,64.58531500359045,True,0.0
NGC5585,burkert,39.93772744327843,1.9968863721639216,20,47.93772744327843,52.649942764670215,True,0.0
UGC05716,burkert,8.462580504073888,1.057822563009236,8,16.462580504073888,18.40220710322589,True,0.0
UGC02487,burkert,52.30358917854232,4.023353013734025,13,60.30358917854232,63.636442554767186,True,0.0
NGC3109,burkert,2.2963986017695945,0.10935231436998069,21,10.296398601769594,15.171901901242396,True,0.0
F568-1,burkert,0.7564082330341488,0.0945510291292686,8,8.756408233034149,10.69603483218615,True,0.0
NGC0100,burkert,1.463040698429841,0.09144004365186506,16,9.463040698429841,13.445969792645805,True,0.0
NGC0055,burkert,2.7826752292360815,0.16368677819035773,17,10.782675229236082,14.960764980129774,True,0.0
NGC5985,burkert,60.385956914834246,2.0822743763735945,29,68.38595691483425,74.37198716070017,True,0.0
NGC1003,burkert,81.23131301201362,2.5384785316254255,32,89.23131301201362,95.56538876583805,True,0.0
NGC6674,burkert,32.25879956071732,2.9326181418833928,11,40.25879956071732,43.09100036512616,True,0.0
NGC4013,burkert,24.20460719345545,0.7563939747954828,32,32.204607193455445,38.53868294727989,True,0.0
UGC06614,burkert,0.2175770992201439,0.024175233246682654,9,8.217577099220144,10.47737452906629,True,0.0
NGC4100,burkert,11.18838052181567,0.5594190260907835,20,19.18838052181567,23.90059584320745,True,0.0
NGC5907,burkert,84.66905095470948,5.6446033969806315,15,92.66905095470948,96.44680687137523,True,0.0
UGC05829,burkert,1.6658359641504243,0.23797656630720349,7,9.665835964150425,11.257417055343907,True,0.0
NGC4088,burkert,4.42441373957437,0.5530517174467963,8,12.42441373957437,14.364040338726372,True,0.0
NGC5005,burkert,0.7850642778345314,0.05607601984532367,14,8.78506427783453,12.346551309419189,True,0.0
NGC7793,burkert,32.38774237423968,0.7711367231961829,42,40.38774237423968,47.70230796019606,True,0.0
UGC08490,burkert,5.577911503974584,0.21453505784517632,26,13.577911503974583,19.182701030623207,True,0.0
NGC2955,burkert,60.155832235203434,3.0077916117601715,20,68.15583223520343,72.86804755659522,True,0.0
